agent_0,agent_1,agent_2
2.5416666666666665,2.2083333333333335,1.5833333333333333
