agent_0,agent_1,agent_2
2.5833333333333335,4.458333333333333,2.875
