agent_0,agent_1,agent_2
5.333333333333333,5.166666666666667,4.416666666666667
